,img_link,tags,likes,comments,img_id,path
0,https://cdn.pixabay.com/photo/2022/03/06/05/30/clouds-7050884__480.jpg,"Clouds, Sky, Atmosphere, Blue Sky",196,55,IMG00000001,Images/IMG00000001.jpg
1,https://cdn.pixabay.com/photo/2022/04/07/11/45/bird-7117346__340.jpg,"Bird, Ornithology, Hummingbird",76,20,IMG00000002,Images/IMG00000002.jpg
2,https://cdn.pixabay.com/photo/2022/02/28/15/28/sea-7039471__340.jpg,"Sea, Rainbow, Rainfall, Subtropical",282,106,IMG00000003,Images/IMG00000003.jpg
3,https://cdn.pixabay.com/photo/2022/04/04/02/52/cherry-blossoms-7110279__340.jpg,"Cherry Blossoms, Road, Japan, Sakura",42,11,IMG00000004,Images/IMG00000004.jpg
4,https://cdn.pixabay.com/photo/2022/04/09/18/06/cape-marguerite-7121992__340.jpg,"Cape Marguerite, Flower, Plant",39,15,IMG00000005,Images/IMG00000005.jpg
5,https://cdn.pixabay.com/photo/2021/11/13/23/06/tree-6792528__340.jpg,Relaxing Rest Under The Tree,522,108,IMG00000006,Images/IMG00000006.jpg
6,https://cdn.pixabay.com/photo/2022/04/07/02/56/cottontail-rabbit-7116707__340.jpg,"Cottontail Rabbit, Wild Rabbit, Grass",51,10,IMG00000007,Images/IMG00000007.jpg
7,https://cdn.pixabay.com/photo/2022/03/19/21/11/crocus-7079550__340.jpg,"Crocus, Flowers, Spring, Plant",135,44,IMG00000008,Images/IMG00000008.jpg
8,https://cdn.pixabay.com/photo/2022/04/09/17/30/coffee-7121939__340.jpg,"Coffee, Caf√©, Vacation, Drink, Table",26,5,IMG00000009,Images/IMG00000009.jpg
9,https://cdn.pixabay.com/photo/2022/03/25/19/24/waterfall-7091641__340.jpg,"Waterfall, Fall, Epic, Nature, Light",96,21,IMG00000010,Images/IMG00000010.jpg
