img_link,tags,likes,comments
https://cdn.pixabay.com/photo/2022/03/06/05/30/clouds-7050884__480.jpg,"Clouds, Sky, Atmosphere, Blue Sky",196,55
https://cdn.pixabay.com/photo/2022/04/07/11/45/bird-7117346__340.jpg,"Bird, Ornithology, Hummingbird",76,20
https://cdn.pixabay.com/photo/2022/02/28/15/28/sea-7039471__340.jpg,"Sea, Rainbow, Rainfall, Subtropical",282,106
https://cdn.pixabay.com/photo/2022/04/04/02/52/cherry-blossoms-7110279__340.jpg,"Cherry Blossoms, Road, Japan, Sakura",42,11
https://cdn.pixabay.com/photo/2022/04/09/18/06/cape-marguerite-7121992__340.jpg,"Cape Marguerite, Flower, Plant",39,15
https://cdn.pixabay.com/photo/2021/11/13/23/06/tree-6792528__340.jpg,Relaxing Rest Under The Tree,522,108
https://cdn.pixabay.com/photo/2022/04/07/02/56/cottontail-rabbit-7116707__340.jpg,"Cottontail Rabbit, Wild Rabbit, Grass",51,10
https://cdn.pixabay.com/photo/2022/03/19/21/11/crocus-7079550__340.jpg,"Crocus, Flowers, Spring, Plant",135,44
https://cdn.pixabay.com/photo/2022/04/09/17/30/coffee-7121939__340.jpg,"Coffee, Caf√©, Vacation, Drink, Table",26,5
https://cdn.pixabay.com/photo/2022/03/25/19/24/waterfall-7091641__340.jpg,"Waterfall, Fall, Epic, Nature, Light",96,21
https://cdn.pixabay.com/photo/2021/08/25/20/42/field-6574455__340.jpg,"Field, Morning, Sunrise, Dawn, Nature",807,131
https://cdn.pixabay.com/photo/2022/04/04/18/03/bird-7111988__340.jpg,"Bird, Robin, Birdwatching, Animal",69,19
https://cdn.pixabay.com/photo/2022/04/04/07/58/seedlings-7110591__340.jpg,"Seedlings, Soil, Spring Flowers, Bloom",42,9
https://cdn.pixabay.com/photo/2022/03/23/21/27/road-7087957__340.jpg,"Road, Highway, Countryside, Hills",53,14
https://cdn.pixabay.com/photo/2022/03/27/15/03/cityscape-7095358__340.jpg,"Cityscape, Monochrome, Bridge, City",45,13
https://cdn.pixabay.com/photo/2022/03/25/17/54/sakura-7091532__340.jpg,"Sakura, Cherry Blossoms, Spring, Water",70,12
https://cdn.pixabay.com/photo/2022/04/01/19/03/background-7105471__480.jpg,"Background, Easter, Eggs, Template, Art",5,2
https://cdn.pixabay.com/photo/2022/01/31/12/46/bird-6983434__340.jpg,"Bird, Indian Chat, Ornithology, Species",171,53
https://cdn.pixabay.com/photo/2022/01/18/16/49/town-6947538__340.jpg,"Town, Night, Winter, Village, Season",109,15
https://cdn.pixabay.com/photo/2022/04/09/17/42/flower-7121955__340.jpg,"Flower, Viola, Pansy, Blossom, Bloom",55,36
https://cdn.pixabay.com/photo/2021/08/30/21/29/port-6587129__340.jpg,"Port, Lake, Architecture, Vacations",276,49
https://cdn.pixabay.com/photo/2022/03/16/02/03/sunflowers-7071449__340.jpg,"Sunflowers, Flowers, Plant",54,21
https://cdn.pixabay.com/photo/2022/03/28/18/41/coffee-7098126__340.jpg,"Coffee, Spring, Flowers, Morning",40,10
https://cdn.pixabay.com/photo/2022/02/12/06/21/roys-peak-7008528__340.jpg,"Roys Peak, Wanaka, Lake, Mountains",69,19
https://cdn.pixabay.com/photo/2021/11/21/21/14/mountain-6815304__340.jpg,"Thank you, everyone. Thank you for many downloads and likes.",197,0
https://cdn.pixabay.com/photo/2021/08/22/15/48/nature-6565499__340.jpg,"Nature, Beach, Outdoors, Exploration",272,150
https://cdn.pixabay.com/photo/2022/03/03/11/18/nature-7045125__340.jpg,The Danish West Coast of Jutland. Shot during sunset.,48,11
https://cdn.pixabay.com/photo/2022/03/16/21/01/gentoo-penguin-7073391__340.jpg,"Gentoo Penguin, Penguin, Bird, Animal",93,22
https://cdn.pixabay.com/photo/2021/11/26/20/45/lantern-6826698__340.jpg,"Lantern, Sea, Heaven, Beach, Water, Tree",243,31
https://cdn.pixabay.com/photo/2022/04/03/05/03/easter-7108066__340.jpg,"Easter, Spring, Easter Bunny",17,10
https://cdn.pixabay.com/photo/2018/01/14/23/12/nature-3082832__340.jpg,green trees on brown rock formation on lake during daytime,3098,495
https://cdn.pixabay.com/photo/2022/02/27/19/46/tourist-attraction-7037967__340.jpg,"Tourist Attraction, Eiffel Tower, Travel",83,21
https://cdn.pixabay.com/photo/2022/04/07/22/23/menhir-7118382__480.jpg,"Menhir, Stones, Clouds, Standing Stones",64,49
https://cdn.pixabay.com/photo/2022/01/13/18/05/road-6935773__340.jpg,"Road, Trees, Winter, Frost, Snow, Path",133,24
https://cdn.pixabay.com/photo/2022/04/10/07/03/bird-7122753__340.jpg,"Bird, Woodpecker",28,20
https://cdn.pixabay.com/photo/2021/11/25/19/50/tape-6824489__340.jpg,"Tape, Cassette, Music, Retro, Classic",134,20
https://cdn.pixabay.com/photo/2022/01/10/15/29/wind-mills-6928590__340.jpg,"Wind Mills, Energy, Clouds, Power",144,101
https://cdn.pixabay.com/photo/2022/02/15/07/27/travel-7014427__340.jpg,"Travel, Tourism, Square, Tartini, Piran",70,19
https://cdn.pixabay.com/photo/2022/04/11/04/33/easter-eggs-7124718__340.jpg,"Easter Eggs, Colored Eggs, Nest, Eggs",29,0
https://cdn.pixabay.com/photo/2022/02/07/22/27/winter-7000429__340.jpg,"Winter, Season, Nature, Outdoors, Travel",111,24
https://cdn.pixabay.com/photo/2022/04/11/09/40/glacier-7125386__340.jpg,"Glacier, Dying Glaciers, Melting Glacier",36,27
https://cdn.pixabay.com/photo/2021/11/01/21/31/forest-6761846__340.jpg,"Forest, Jungle, Tropical, Green, Nature",135,22
https://cdn.pixabay.com/photo/2022/02/05/08/13/tulip-6994245__340.jpg,"Tulip, Flower, Bloom, Blossom, Petals",92,35
https://cdn.pixabay.com/photo/2022/04/07/13/06/flowers-7117461__340.jpg,"Flowers, Pink Flowers, Petals",62,0
https://cdn.pixabay.com/photo/2022/02/22/03/22/passiflora-7027917__340.jpg,"Passiflora, Passion Flower, Flower",97,66
https://cdn.pixabay.com/photo/2021/11/02/21/57/prayer-6764197__340.jpg,"Prayer, Faith, Religion, Hope, Blessing",175,57
https://cdn.pixabay.com/photo/2022/04/09/10/13/galaxy-7121195__340.jpg,"Galaxy, Space, Universe, Star, Cosmos",45,40
https://cdn.pixabay.com/photo/2022/03/31/09/25/dragonfly-7102558__480.jpg,"Dragonfly, Nature, Insect, Macro",19,3
https://cdn.pixabay.com/photo/2022/01/10/18/09/budapest-6928973__340.jpg,"Budapest, Hungary, Architecture, Church",107,21
https://cdn.pixabay.com/photo/2022/03/16/11/27/trees-7072255__340.jpg,"Trees, Forest, Leaves, Foliage, Magic",66,18
https://cdn.pixabay.com/photo/2021/12/11/07/59/hotel-6862159__340.jpg,Das war bei meinem Aufenthalt in der Reha Klinik Klausenbach. Die liegt in Nordrach genauer in der Kolonie! Es wunderbarer Ort. Wie gemacht f√ºr die Erholung! Es gibt einen tollen Film mit Heike Makatsch als Dr. Hope Bridges Adams Lehmann als erste √Ñrztin 1880!,94,14
https://cdn.pixabay.com/photo/2021/12/22/16/50/landscape-6887936__340.jpg,"This is a tree plantation near the summit of Mt. Hiei (848m). The site is owned and managed by Enryaku-ji temple. The trees are Hinoki cypress, which is very useful for constructions and crafts. In the future, the woods are used for reconstruction of old temple buildings.",160,45
https://cdn.pixabay.com/photo/2022/04/07/13/08/flowers-7117464__340.jpg,"Flowers, Growth, Nature, Blossom, Bloom",63,0
https://cdn.pixabay.com/photo/2022/02/04/10/31/cow-6992475__340.jpg,My baby (or babies) are due any day! ‚ò∫Ô∏è,155,142
https://cdn.pixabay.com/photo/2022/01/02/19/43/port-6910972__340.jpg,"Port, Ship, Boat, Sweden, Sea",89,22
https://cdn.pixabay.com/photo/2022/04/08/21/42/heron-7120365__340.jpg,"Photographed on February 29, 2021 - the Pixabay license FORBIDS selling images as is on stock sites or elsewhere. Here is a link to the licence: https://pixabay.com/service/license/",34,51
https://cdn.pixabay.com/photo/2021/11/01/13/58/leaf-6760484__340.jpg,"Leaf, Nature, Autumn, Fall, Season, Leaf",171,53
https://cdn.pixabay.com/photo/2021/08/27/18/50/water-6579313__340.jpg,"Water, Trolltunga, Ringedalsvannet",202,45
https://cdn.pixabay.com/photo/2021/12/01/18/17/cat-6838844__340.jpg,"Cat, European Shorthair, Pet, Feline",156,49
https://cdn.pixabay.com/photo/2022/01/26/20/43/baboon-6969935__340.jpg,"Baboon, Animal, Wildlife, Gesture",140,41
https://cdn.pixabay.com/photo/2022/04/10/19/28/savoy-7124124__340.jpg,"Savoy, Cabbage, Vegetables, Carrots",28,20
https://cdn.pixabay.com/photo/2022/03/16/04/08/koi-fish-7071556__480.jpg,"Koi Fish, Fish, Pond, Water, Koi",54,64
https://cdn.pixabay.com/photo/2021/07/09/02/29/family-6398107__340.jpg,"Family, Beach, People, Ocean, Family",219,57
https://cdn.pixabay.com/photo/2022/02/26/21/47/elephant-7036431__340.jpg,"Elephant, Baby Elephant, Animals",104,35
https://cdn.pixabay.com/photo/2022/04/10/19/28/savoy-7124124__340.jpg,"Savoy, Cabbage, Vegetables, Carrots",24,16
https://cdn.pixabay.com/photo/2022/04/10/10/08/ranunculus-7123057__340.jpg,Add a description (optional),25,15
https://cdn.pixabay.com/photo/2022/04/08/17/33/great-cormorant-7119976__340.jpg,"Great Cormorant, Bird",36,24
https://cdn.pixabay.com/photo/2022/04/10/19/07/flower-7124081__340.jpg,"Flower, Daffodil, Petals, Plant",21,14
https://cdn.pixabay.com/photo/2022/01/28/18/46/sea-6975501__340.jpg,"Sea, Waves, Storm, Sky, Clouds, Overcast",102,38
https://cdn.pixabay.com/photo/2017/02/08/17/24/fantasy-2049567__340.jpg,"Fantasy, Butterflies, Mushrooms, Forest",3322,536
https://cdn.pixabay.com/photo/2022/03/15/15/19/child-7070570__340.jpg,"Child, Boy, Flowers, Meadow, Cute, Kid",43,2
https://cdn.pixabay.com/photo/2022/04/06/12/18/grass-7115462__340.jpg,"Grass, Plants, Oats, Ear, Barley",46,44
https://cdn.pixabay.com/photo/2021/10/14/13/50/book-6709160__340.jpg,"Book, Literature, Reading, Library",130,57
https://cdn.pixabay.com/photo/2022/04/06/13/59/wood-anemones-7115637__340.jpg,"Wood Anemones, Anemone, Buttercups",46,39
https://cdn.pixabay.com/photo/2017/12/15/13/51/polynesia-3021072__340.jpg,white and red boat on beach during daytime,2610,499
https://cdn.pixabay.com/photo/2022/04/03/09/30/flower-7108476__340.jpg,"Flower, Bee, Pollination, Bloom, Insect",50,68
https://cdn.pixabay.com/photo/2022/04/11/18/14/letter-box-7126374__480.jpg,"Letter Box, Email Delivery, Post Office",17,12
https://cdn.pixabay.com/photo/2022/01/17/23/10/sunset-6945937__340.jpg,Calm Lake At Sunset,59,18
https://cdn.pixabay.com/photo/2022/04/04/22/33/sunflowers-7112463__340.jpg,"Illustration, sunflowers farming,",72,77
https://cdn.pixabay.com/photo/2022/02/19/21/46/beach-7023446__340.jpg,"Beach, Sand, Sea, North Sea, Winter",30,6
https://cdn.pixabay.com/photo/2022/01/13/16/37/trees-6935614__340.jpg,"Trees, Nature, Winter, Season, Outdoors",90,18
https://cdn.pixabay.com/photo/2022/03/02/14/25/flower-7043267__340.jpg,"Flower, Rose, Bloom, Blossom, Botany",107,91
https://cdn.pixabay.com/photo/2021/12/27/11/55/winter-6897046__340.jpg,"Winter, Frost, Nature, Texture, Macro",113,32
https://cdn.pixabay.com/photo/2021/12/28/14/30/bird-6899457__340.jpg,"Bird, Blackbird, Ornithology, Species",109,27
https://cdn.pixabay.com/photo/2022/04/10/14/27/trees-7123499__340.jpg,"Trees, Rural, Clouds, Nature, Landscape",14,8
https://cdn.pixabay.com/photo/2022/01/16/20/38/coffee-6943139__340.jpg,"Coffee, Pencils, Eraser, Office",69,9
https://cdn.pixabay.com/photo/2021/07/18/04/00/lotus-6474572__340.jpg,"Lotus, Flower, Lotus Flower, Pink Flower",279,45
https://cdn.pixabay.com/photo/2022/04/01/15/31/bus-7105041__340.jpg,Es sind noch Pl√§tze frei‚Ä¶,43,34
https://cdn.pixabay.com/photo/2022/01/21/19/21/crocus-6955548__340.jpg,"Crocus, Flowers, Plants, Purple Crocus",77,16
https://cdn.pixabay.com/photo/2022/04/11/09/18/birds-7125333__340.jpg,"Taken in March 21, 2022",16,7
https://cdn.pixabay.com/photo/2021/12/12/22/48/mountain-6867146__340.jpg,"Mountain, Summit, Forest, Winter, Clouds",82,8
https://cdn.pixabay.com/photo/2022/04/10/07/33/ice-cream-cone-7122797__340.jpg,"Ice Cream Cone, Ice Squirrel, Flower",16,11
https://cdn.pixabay.com/photo/2022/04/09/09/29/flower-7121113__480.jpg,"Flower, Magnolia, Tree, Spring Flowers",8,2
https://cdn.pixabay.com/photo/2022/04/06/09/46/flowers-7115215__340.jpg,"Flowers, Bouquet, Garden",47,26
https://cdn.pixabay.com/photo/2022/03/04/09/02/winter-7046891__340.jpg,Help Ukraine! Stop the war!,56,15
https://cdn.pixabay.com/photo/2022/04/03/08/33/jay-7108357__340.jpg,"Jay, Bird, Animal, Snow, Winter",62,48
https://cdn.pixabay.com/photo/2022/04/09/07/14/dungeon-7120925__340.jpg,"Built in 1300-1400, the former Augustinian (Les Augustins, in French) convent in Toulouse (France) has become a museum.",17,11
https://cdn.pixabay.com/photo/2022/04/11/09/16/birds-7125327__340.jpg,"Birds, Egyptian Goslings, Waterfowl",15,8
https://cdn.pixabay.com/photo/2022/04/06/08/16/peach-blossom-7115083__340.jpg,"Peach Blossom, Flowers, Branch, Tree",41,58
https://cdn.pixabay.com/photo/2021/12/01/15/32/happy-new-year-6838276__340.jpg,"Happy New Year, 2022, Regards, New Year",45,10
https://cdn.pixabay.com/photo/2022/04/03/17/48/flowers-7109567__340.jpg,"Flowers, Botany, Quince",55,47
https://cdn.pixabay.com/photo/2016/11/29/05/45/astronomy-1867616__340.jpg,"Astronomy, Bright, Constellation, Dark",2989,484
https://cdn.pixabay.com/photo/2022/02/14/10/35/flowers-7012876__340.jpg,"Flowers, Bloom, Botany, Blossom, Nature",43,13
https://cdn.pixabay.com/photo/2021/08/23/08/28/path-6567149__340.jpg,"Path, Rural, Nature, Road, Countryside",178,36
https://cdn.pixabay.com/photo/2022/02/14/06/54/bird-7012586__340.jpg,"Bird, Ibis, Spiny Ibis, Ornithology",141,102
https://cdn.pixabay.com/photo/2021/08/27/10/16/baby-6578335__340.jpg,"Baby, Girl, Portrait, Child, Daughter",179,54
https://cdn.pixabay.com/photo/2021/12/20/15/01/christmas-tree-6883263__340.jpg,"Christmas Tree, Ornaments, Christmas",147,99
https://cdn.pixabay.com/photo/2021/09/30/18/10/sunrise-6670717__340.jpg,"Sunrise, Mountains, Fog, Swabian Jura",140,27
https://cdn.pixabay.com/photo/2022/04/05/22/54/giant-lily-7114496__480.jpg,Dorianthes Palmeri. 3 meters high. Makes her first flower at 40 years. Blooms only once in her life and dies... ***************************** Dorianthes Palmeri. 3 Meter hoch. Macht ihre erste Blume nach 40 Jahren. Bl√ºht nur einmal in ihrem Leben und stirbt‚Ä¶,47,32
https://cdn.pixabay.com/photo/2022/04/06/22/27/postcard-7116453__340.jpg,"Postcard, Greeting Card, Peacocks, Birds",31,36
https://cdn.pixabay.com/photo/2022/01/25/04/42/bird-6965228__340.jpg,"Bird, Great Egret, Ornithology, Species",89,47
https://cdn.pixabay.com/photo/2022/01/10/16/30/flowers-6928749__340.jpg,"Flowers, Grass, Coast, Cliff, Beach, Sea",79,12
https://cdn.pixabay.com/photo/2021/12/18/17/11/flower-6879399__340.jpg,"Flower, Dandelion, Wildflower, Seeds",88,14
https://cdn.pixabay.com/photo/2021/12/14/20/21/book-6871220__340.jpg,"Book, Page, Man, Stop, Shades, Paper",80,49
https://cdn.pixabay.com/photo/2021/08/23/07/38/castle-6566978__340.jpg,"Castle, Monument, Park, Building",159,27
https://cdn.pixabay.com/photo/2022/04/05/15/11/birds-7113827__340.jpg,"Birds, Greylag Goose, Ornithology",41,28
https://cdn.pixabay.com/photo/2022/04/08/19/05/hyacinth-7120098__340.jpg,"Hyacinth, Flowers, Spring, Nature",15,9
https://cdn.pixabay.com/photo/2022/04/05/00/25/bokeh-7112555__340.jpg,"Bokeh, Light, Background, Pattern, Art",27,27
https://cdn.pixabay.com/photo/2022/04/02/10/53/easter-7106722__340.jpg,"Easter, Easter Bunny, Easter Decoration",55,87
https://cdn.pixabay.com/photo/2021/11/26/17/26/desert-6826299__340.jpg,"Desert, Sand, Dunes, Dubai, Native",48,14
https://cdn.pixabay.com/photo/2022/04/03/09/04/pforphoto-7108433__340.jpg,The Piano‚Ä¶,35,25
https://cdn.pixabay.com/photo/2020/04/25/12/14/tech-5090539__340.jpg,"Tech, Circle, Technology, Abstract",404,109
https://cdn.pixabay.com/photo/2022/04/06/09/46/flowers-7115217__340.jpg,"Flowers, Hyacinth, Garden",40,28
https://cdn.pixabay.com/photo/2022/03/28/05/17/cherry-blossoms-7096607__340.jpg,"Cherry Blossoms, Pink Flowers, Sakura",61,24
https://cdn.pixabay.com/photo/2022/04/08/12/12/coffee-7119373__480.jpg,"Coffee, Template, Coffee Stain, Dirty",26,19
https://cdn.pixabay.com/photo/2022/02/02/13/50/happy-easter-6988491__340.jpg,"Happy Easter, Spring, Decoration, Theme",29,10
https://cdn.pixabay.com/photo/2021/12/12/01/15/lotus-6863937__340.jpg,"Lotus, Flowers, Pond, Lily Pads",101,23
https://cdn.pixabay.com/photo/2022/01/21/07/21/ring-tailed-lemur-6954076__340.jpg,"Ring Tailed Lemur, Lemur, Group, Cub",160,115
https://cdn.pixabay.com/photo/2022/04/07/04/03/bird-7116757__340.jpg,"El estornino pinto, o estornino com√∫n, (Sturnus vulgaris)‚Äã es una especie de ave passeriforme de la familia Sturnidae nativa del Pale√°rtico. En Argentina fue introducido hace unos a√±os y hoy se reproduce abundantemente en el sudeste de la Provincia de Buenos Aires.",23,19
https://cdn.pixabay.com/photo/2021/10/11/09/04/nature-6699893__340.jpg,"Nature, Spruce, Evergreen, Branches",99,21
https://cdn.pixabay.com/photo/2022/04/08/07/22/tablets-7118912__340.jpg,"Tablets, Drugs, Powder",22,16
https://cdn.pixabay.com/photo/2022/01/17/08/27/white-flowers-6944139__340.jpg,"White Flowers, Flowers, Nature",49,11
https://cdn.pixabay.com/photo/2021/09/14/14/46/cologne-6624212__340.jpg,"Cologne, Cathedral, Bridge, Night, River",98,27
https://cdn.pixabay.com/photo/2015/12/01/20/28/road-1072823__340.jpg,"Road, Forest, Fall, Autumn, Season",5214,1126
https://cdn.pixabay.com/photo/2022/04/08/06/13/bird-7118767__340.jpg,"Bird, Geese, Ornithology, Species, Fauna",23,15
https://cdn.pixabay.com/photo/2022/04/04/15/16/flowers-7111580__340.jpg,Foto von Ende M√§rz 2022,27,20
https://cdn.pixabay.com/photo/2021/10/10/20/33/mehtab-bagh-6698669__340.jpg,"Mehtab Bagh, India, Taj Mahal, Temple",73,15
https://cdn.pixabay.com/photo/2022/04/09/05/35/tulips-7120798__340.jpg,"Tulips, Flower, Plant, Flora",10,4
https://cdn.pixabay.com/photo/2022/04/04/06/59/canada-goose-7110494__340.jpg,"Canada Goose, Goose, Swim, Water Bird",57,0
https://cdn.pixabay.com/photo/2022/03/02/19/27/earth-7043847__340.jpg,"Earth, Planet, Homeland, Mankind",36,8
https://cdn.pixabay.com/photo/2022/04/07/04/04/starling-7116759__480.jpg,"El estornino pinto, o estornino com√∫n, (Sturnus vulgaris)‚Äã es una especie de ave passeriforme de la familia Sturnidae nativa del Pale√°rtico. En Argentina fue introducido hace unos a√±os y hoy se reproduce abundantemente en el sudeste de la Provincia de Buenos Aires.",22,17
https://cdn.pixabay.com/photo/2022/03/28/20/47/house-7098314__340.jpg,"Composition, lake view",81,81
https://cdn.pixabay.com/photo/2022/04/08/17/33/bird-7119983__340.jpg,"Bird, Blackbird, Songbird, Fauna, Animal",18,11
https://cdn.pixabay.com/photo/2022/04/10/10/04/bird-7123044__340.jpg,"Durian Redstart. In Japan, it is a winter bird, wintering in regions without snow cover and inhabiting flat to low mountain farmlands, residential areas, parks, and riverbanks.",10,6
https://cdn.pixabay.com/photo/2021/11/09/07/29/newborn-6780840__340.jpg,"Newborn, Baby, Costume, Sleeping",91,21
https://cdn.pixabay.com/photo/2022/04/02/20/46/cat-7107728__340.jpg,"Cat, Grass, Backyard, Outdoors, Kitten",54,36
https://cdn.pixabay.com/photo/2021/06/22/16/39/arch-6356637__340.jpg,"Arch, Alley, Street, Road, Eiffel Tower",261,51
https://cdn.pixabay.com/photo/2022/03/21/16/12/blackbird-7083494__340.jpg,"Blackbird, Bird, Animal, Worm, Eating",70,51
https://cdn.pixabay.com/photo/2022/04/06/10/08/dog-7115247__340.jpg,"Dog, Golden Retriever, Water, Swim, Lake",33,22
https://cdn.pixabay.com/photo/2022/04/09/21/10/clouds-7122287__340.jpg,"Clouds, Sky, Atmosphere, Grey Clouds",5,1
https://cdn.pixabay.com/photo/2022/04/12/12/02/flowers-7127847__340.jpg,"Flowers, Spring, Seasonal, Nature, Bloom",17,14
https://cdn.pixabay.com/photo/2022/03/31/14/12/flower-7103109__340.jpg,"Flower, Liverflower, Early Bloomer",74,57
https://cdn.pixabay.com/photo/2021/05/29/17/35/car-6293917__340.jpg,"Car, Beach, Sunset, Desktop Wallpaper",37,7
https://cdn.pixabay.com/photo/2021/10/23/03/35/mountain-6734031__340.jpg,"Mountain, Summit, Snow, Winter",85,20
https://cdn.pixabay.com/photo/2022/04/08/11/47/daffodil-7119341__340.jpg,Aufgenommen am 5.3.2022,29,22
https://cdn.pixabay.com/photo/2021/08/29/08/49/petit-minou-lighthouse-6582717__340.jpg,"Petit Minou Lighthouse, Lighthouse, Sea",120,29
https://cdn.pixabay.com/photo/2018/01/30/22/50/forest-3119826__480.jpg,"Forest, Twilight, Nature, Trees, Woods",1417,188
https://cdn.pixabay.com/photo/2022/04/07/17/32/european-shorthair-7118037__340.jpg,"European Shorthair, Cat, Pet, Animal",18,8
https://cdn.pixabay.com/photo/2022/04/11/19/35/easter-bunny-7126487__340.jpg,"Easter Bunny, Easter, Easter Festival",9,7
https://cdn.pixabay.com/photo/2022/03/28/17/19/mountains-7097981__340.jpg,"Mountains, Meadow, Cabin, Clouds, Herb",63,55
https://cdn.pixabay.com/photo/2021/07/27/16/23/buildings-6497337__340.jpg,"Buildings, Town, Road, Hills, Sunset",132,19
https://cdn.pixabay.com/photo/2022/03/14/20/54/city-7069010__340.jpg,"City, Travel, Tourism, Mexico City",19,5
https://cdn.pixabay.com/photo/2022/04/09/09/29/magnolia-7121115__340.jpg,"Magnolia, Flower, Tree, Spring Flowers",2,1
https://cdn.pixabay.com/photo/2022/04/10/19/17/donkey-7124096__340.jpg,"Donkey, Animal, Draft Animal, Mammal",10,0
https://cdn.pixabay.com/photo/2022/04/08/11/46/weave-7119337__340.jpg,Aufgenommen am 20.3.2021,27,19
https://cdn.pixabay.com/photo/2022/04/09/14/54/fields-7121593__340.jpg,"Fields, Nature, Landscape, Meadow, Rural",14,12
https://cdn.pixabay.com/photo/2022/04/08/13/45/flowers-7119514__340.jpg,This is now the season for Cherry blossoms in Japan. Have you ever heard of ‚Äúhanami‚Äù? We sit under the cherry trees and eat and drink with our friends.,14,8
https://cdn.pixabay.com/photo/2022/03/19/08/45/alley-7078098__340.jpg,In einem kleinen St√§dtchen ...,57,33
https://cdn.pixabay.com/photo/2022/04/06/06/30/drake-7114868__340.jpg,"Drake, Waterbird, Wings",20,19
https://cdn.pixabay.com/photo/2021/11/17/10/57/pine-cone-6803226__340.jpg,"Pine Cone, Fir Green, Fir Branch",126,43
https://cdn.pixabay.com/photo/2021/10/15/22/59/heron-6713611__340.jpg,"Heron, Great Egret, River, Lake, Pond",163,127
https://cdn.pixabay.com/photo/2021/10/08/06/45/seagulls-6690361__340.jpg,"Seagulls, Birds, Nature, Ocean, Sea, Sky",121,30
https://cdn.pixabay.com/photo/2021/07/22/21/55/mountains-6486093__480.jpg,"Mountains, Nature, Tourism, Hike, Alpine",122,24
https://cdn.pixabay.com/photo/2022/04/04/08/43/road-7110643__340.jpg,"Road, Mountain, Countryside, Landscape",29,0
https://cdn.pixabay.com/photo/2021/11/11/16/29/tree-6786654__340.jpg,"Tree, Leaves, Autumn, Season, Nature",89,21
https://cdn.pixabay.com/photo/2022/03/23/17/41/fantasy-7087606__340.jpg,"Fantasy, Elf, Light, Plants, Bird Magic",32,17
https://cdn.pixabay.com/photo/2022/03/12/09/27/couple-7063784__340.jpg,"Couple, Meadow, Walking, Nature, Sunset",17,5
https://cdn.pixabay.com/photo/2016/12/16/15/25/christmas-1911637__340.jpg,"Christmas, Background, Flat Lay",2860,460
https://cdn.pixabay.com/photo/2022/04/06/17/40/blackthorn-7116000__340.jpg,"Blackthorn, Sloe, Winter, Prunus Spinosa",23,20
https://cdn.pixabay.com/photo/2021/08/27/19/55/boat-6579441__340.jpg,"Boat, River, Forest, Landscape, Woods",145,26
https://cdn.pixabay.com/photo/2022/04/09/18/25/walnuts-7122043__340.jpg,"Walnuts, Nuts, Food, Healthy, Nutrition",11,5
https://cdn.pixabay.com/photo/2022/04/12/04/46/climate-change-7127153__340.jpg,"Climate Change, Protest, People",12,9
https://cdn.pixabay.com/photo/2021/08/08/15/45/mountains-6531264__340.jpg,"Mountains, Sunset, Germany, Fortress",116,26
https://cdn.pixabay.com/photo/2021/11/27/18/28/candles-6828695__340.jpg,"Candles, Candlelight, Christmas",122,60
https://cdn.pixabay.com/photo/2022/02/19/08/48/flower-7022112__340.jpg,"Flower, Butterfly, Fantasy, Spring",97,72
https://cdn.pixabay.com/photo/2022/04/04/10/39/australian-wood-duck-7110865__340.jpg,"Australian Wood Duck, Duck, Bird",45,44
https://cdn.pixabay.com/photo/2021/10/04/16/42/dog-6680642__340.jpg,"Dog, Puppy, Pet, Cute, Doggy, Animal",89,16
https://cdn.pixabay.com/photo/2022/03/31/05/07/cherry-blossom-7102224__340.jpg,"Cherry Blossom, Spring, Nature, Flowers",57,48
https://cdn.pixabay.com/photo/2021/12/26/19/36/christmas-tree-6895765__480.jpg,"Christmas Tree, Holiday, Season",54,11
https://cdn.pixabay.com/photo/2021/07/26/22/04/sea-shell-6495338__340.jpg,"Sea Shell, Giant Conch",206,95
https://cdn.pixabay.com/photo/2021/02/05/18/05/paper-5985445__340.jpg,"Paper, Crumpled, Texture, Shadows, Fold",186,38
https://cdn.pixabay.com/photo/2022/03/31/14/16/bee-7103114__340.jpg,"Bee, Pollination, Entomology, Macro",57,41
https://cdn.pixabay.com/photo/2022/04/06/05/26/butterfly-7114816__340.jpg,"Butterfly, Aurora Butterfly, Meadow",25,16
https://cdn.pixabay.com/photo/2021/12/02/13/02/candles-6840499__340.jpg,4 Weihnachtskerzen,70,24
https://cdn.pixabay.com/photo/2022/04/06/14/27/mute-swan-7115661__340.jpg,Add a description (optional),40,33
https://cdn.pixabay.com/photo/2022/04/09/06/20/tulip-7120843__340.jpg,"Tulip, Spring, Flowering, Flower",9,2
https://cdn.pixabay.com/photo/2022/03/22/19/29/town-7085835__340.jpg,"Town, Countryside, Nature, Landscape",69,62
https://cdn.pixabay.com/photo/2022/04/11/07/30/birds-7124996__340.jpg,"El Hornero ( Furnarius rufus ) es una especie de ave paseriforme perteneciente a la familia de los furn√°ridos, y compone, junto con otras cinco especies el g√©nero Furnarius. El hornero es end√©mico de Sudam√©rica meridional y es el ave nacional de la Rep√∫blica Argentina.",7,6
https://cdn.pixabay.com/photo/2022/04/05/12/00/cherry-blossom-7113414__340.jpg,"Cherry Blossom, Flowers, Spring, Sakura",32,0
https://cdn.pixabay.com/photo/2022/04/07/23/58/fantasy-7118471__340.jpg,"Fantasy, No Truth, Silence, Bound",19,24
https://cdn.pixabay.com/photo/2022/03/01/09/15/salad-7040875__340.jpg,"Salad, Fruit, Berry, Healthy, Vitamins",30,10
https://cdn.pixabay.com/photo/2021/11/01/08/39/petit-minou-lighthouse-6759731__340.jpg,"Petit Minou Lighthouse, Lighthouse, Sea",61,15
https://cdn.pixabay.com/photo/2022/04/11/19/05/easter-bunny-7126452__340.jpg,"Easter Bunny, Easter, Easter Decorations",12,8
https://cdn.pixabay.com/photo/2022/04/09/22/33/bird-7122361__340.jpg,"Bird, Heron, Ornithology, Species, Fauna",12,7
https://cdn.pixabay.com/photo/2022/04/01/08/57/shepherds-purses-7104384__480.jpg,"Shepherd'S-Purses, Capsella, Grass",45,40
https://cdn.pixabay.com/photo/2022/04/07/11/55/bernkastel-kues-7117366__340.jpg,"Bernkastel-Kues, Germany, Cityscape",20,10
https://cdn.pixabay.com/photo/2021/04/21/13/20/cherry-blossoms-6196363__340.jpg,"Cherry Blossoms, Sakura, Flowers",406,211
https://cdn.pixabay.com/photo/2022/04/11/20/31/purple-flowers-7126569__340.jpg,"Purple Flowers, Flowers, Pasqueflowers",5,2
https://cdn.pixabay.com/photo/2021/03/02/01/07/cyberpunk-6061251__340.jpg,"Cyberpunk, Street, City, Platform",220,32
https://cdn.pixabay.com/photo/2022/03/29/12/31/leaves-7099402__340.jpg,"Leaves, Growth, Botany, Nature, Plant",61,16
https://cdn.pixabay.com/photo/2022/04/10/10/34/flower-7123108__340.jpg,"Flower, Petals, Baby Rose",8,4
https://cdn.pixabay.com/photo/2022/03/05/09/23/birds-7048729__340.jpg,"Birds, Duck, Ornithology, Species, Fauna",103,79
https://cdn.pixabay.com/photo/2022/04/10/18/04/robin-7123932__340.jpg,"Robin, Bird, Beak, Feathers, Plumage",4,2
https://cdn.pixabay.com/photo/2018/06/13/18/20/waves-3473335__340.jpg,"Waves, Sea, Ocean, Beach, Blue Water",1807,310
https://cdn.pixabay.com/photo/2022/03/05/22/13/daffodil-7050408__340.jpg,"Daffodil, Flower, Yellow Flower, Petals",87,73
https://cdn.pixabay.com/photo/2022/04/09/16/26/bird-7121805__340.jpg,"Bird, Yellow Warbler, Ornithology",3,2
https://cdn.pixabay.com/photo/2022/04/11/20/01/leopard-7126525__340.jpg,"Leopard, Animal, Mammal, Big Cat",7,0
https://cdn.pixabay.com/photo/2022/01/28/21/10/honeybee-6975865__340.jpg,"Honeybee, Sunflower, Pollination, Bee",51,11
https://cdn.pixabay.com/photo/2020/02/08/14/36/trees-4830285__340.jpg,"Trees, Winter, Snow, White, Cold, Nature",442,106
https://cdn.pixabay.com/photo/2021/10/29/14/27/nature-6752035__480.jpg,High in the French alps. Climbers walk the steep ridge of the valley blanche. The mountains are as dangerous as they are beautiful üëÄ Chamonix Mont Blanc,85,16
https://cdn.pixabay.com/photo/2021/08/15/14/47/couple-6548045__340.jpg,"Couple, Silhouette, Love, Relationship",76,20
https://cdn.pixabay.com/photo/2021/11/25/09/28/amsterdam-6823002__340.jpg,"Amsterdam, Dam Square, Child, Pigeons",91,19
https://cdn.pixabay.com/photo/2022/04/09/12/11/duck-7121326__340.jpg,"Duck, Bird, Beak, Feathers, Plumage",7,2
https://cdn.pixabay.com/photo/2022/04/09/21/11/rice-7122289__340.jpg,"Rice, Tomatoes, Food, Grain, Dish, Table",7,2
https://cdn.pixabay.com/photo/2021/08/08/15/01/trading-6531134__340.jpg,"Trading, Blockchain, Cryptocurrency",38,7
https://cdn.pixabay.com/photo/2021/08/14/20/44/stones-6546233__340.jpg,"Stones, Rock, Balance, Balanced Rocks",109,19
https://cdn.pixabay.com/photo/2021/03/11/02/57/mountain-6086083__340.jpg,"Mountain, Snow, Sunrise, Peak, Summit",286,71
https://cdn.pixabay.com/photo/2021/08/31/18/51/forest-6589852__340.jpg,"Forest, Nature, Trees, Woods, Outdoors",102,13
https://cdn.pixabay.com/photo/2022/04/03/14/25/bird-7109091__340.jpg,"Bird, Robin, Ornithology, Species, Fauna",36,27
https://cdn.pixabay.com/photo/2022/04/08/15/01/mushrooms-7119658__340.jpg,"Mushrooms, Fungi, Mycology, Forest Floor",10,5
https://cdn.pixabay.com/photo/2022/04/07/10/19/crafting-7117240__340.jpg,"Crafting, Daisies, Vintage Aesthetic",9,3
https://cdn.pixabay.com/photo/2020/07/27/14/34/forest-5442598__340.jpg,"Forest, Stars, Mountains, Night Sky",411,50
https://cdn.pixabay.com/photo/2022/01/03/21/08/street-6913633__340.jpg,Sunset Street in Bavarian Alps,35,6
https://cdn.pixabay.com/photo/2022/04/11/15/32/petals-7126056__480.jpg,"Petals, Tree, Cherry, Garden, Blossom",7,5
https://cdn.pixabay.com/photo/2016/11/29/13/37/christmas-1869902__340.jpg,"Christmas, Christmas Tree, Presents",1184,292
https://cdn.pixabay.com/photo/2022/03/27/10/19/squill-7094638__340.jpg,"Squill, Flowers, Plant, Scilla",66,51
https://cdn.pixabay.com/photo/2022/04/05/15/13/soap-bubbles-7113833__340.jpg,"Soap Bubbles, Colour, Macro, Pattern",21,16
https://cdn.pixabay.com/photo/2021/07/21/12/22/lavenders-6482952__340.jpg,"Lavenders, Flowers, Lavender Field",158,36
https://cdn.pixabay.com/photo/2022/04/03/12/45/flowers-7108857__340.jpg,"Flowers, Lucile'S Glory Of The Snow",39,25
https://cdn.pixabay.com/photo/2021/11/17/17/03/roses-6804169__340.jpg,"Roses, Flowers, Yellow Flowers",96,25
https://cdn.pixabay.com/photo/2022/02/07/15/22/fuel-6999638__340.jpg,"Fuel, Gas Station, Refueling, Gas",9,3
https://cdn.pixabay.com/photo/2022/04/09/16/46/peace-7121863__340.jpg,"Peace, Peace Sign, Against War, Ukraine",13,8
https://cdn.pixabay.com/photo/2022/03/20/10/50/lake-7080525__340.jpg,"Lake, Mountains, Nature, Dusk, To Travel",72,62
https://cdn.pixabay.com/photo/2022/04/06/08/13/peach-blossom-7115080__340.jpg,"Peach Blossom, Flowers, Branch, Tree",18,18
https://cdn.pixabay.com/photo/2021/07/29/09/54/honey-bee-6506809__340.jpg,"Honey Bee, Bee, Flowers, Insect, Tansy",106,24
https://cdn.pixabay.com/photo/2022/04/08/20/38/flower-7120281__340.jpg,"Flower, Anemone, Spring, Blue, Nature",10,4
https://cdn.pixabay.com/photo/2022/04/09/06/50/magnolia-7120880__340.jpg,"Magnolia, Bud, Flower, Plant, Shrub",8,5
https://cdn.pixabay.com/photo/2022/04/05/23/11/giant-lily-7114512__340.jpg,Dorianthes Palmeri. 3 meters high. Makes her first flower at 40 years. Blooms only once in her life and dies... ***************************** Dorianthes Palmeri. 3 Meter hoch. Macht ihre erste Blume nach 40 Jahren. Bl√ºht nur einmal in ihrem Leben und stirbt‚Ä¶,29,19
https://cdn.pixabay.com/photo/2021/07/18/17/11/rufous-6476117__480.jpg,"Rufous, Bird, Hummingbird, Flight, Wings",192,45
https://cdn.pixabay.com/photo/2021/06/20/08/35/ginkgo-6350293__340.jpg,"Ginkgo, Leaf, Dew, Dewdrops, Raindrops",125,32
https://cdn.pixabay.com/photo/2022/01/15/15/30/lantern-6939870__340.jpg,"Lantern, Festival, Decoration",35,9
https://cdn.pixabay.com/photo/2021/11/17/15/07/paris-6803796__340.jpg,"Paris, City, Cloudy Day, Stormy Day",64,20
https://cdn.pixabay.com/photo/2022/04/09/15/12/animal-7121622__340.jpg,"Animal, Hamadryas Baboon, Baboon",5,1
https://cdn.pixabay.com/photo/2018/10/01/09/21/pets-3715733__340.jpg,"Pets, Cute, Cat, Dog, Cute Wallpaper",703,182
https://cdn.pixabay.com/photo/2020/05/25/17/03/travel-5219496__340.jpg,"Travel, Airport, Boarding Pass, Boarding",161,34
https://cdn.pixabay.com/photo/2022/04/07/21/46/valley-7118324__340.jpg,Portret van de lente,10,6
https://cdn.pixabay.com/photo/2022/04/06/10/57/ribbon-7115324__340.png,"Ribbon, Bow, Gift, Decoration, Colorful",13,4
https://cdn.pixabay.com/photo/2022/04/01/07/41/cows-7104262__340.jpg,"Cows, Cattle, Livestock, Farm Animals",47,40
https://cdn.pixabay.com/photo/2022/04/01/17/02/glory-of-the-snow-7105247__340.jpg,Photographed on 29-03-22 in the Amstelpark.,47,59
https://cdn.pixabay.com/photo/2022/04/08/06/53/animal-7118858__340.jpg,"Animal, Dog, Canine, Mammal, Breed, Pet",11,7
https://cdn.pixabay.com/photo/2022/03/09/15/58/tulips-7058127__340.jpg,"Tulips, Flowers, Blossom, Petals, Bloom",107,90
https://cdn.pixabay.com/photo/2022/04/11/22/08/meadowsweet-7126754__340.jpg,"Meadowsweet, Flowers, Plant",2,0
https://cdn.pixabay.com/photo/2022/01/20/01/23/floral-background-6951261__480.jpg,"Floral Background, Scrapbooking",80,73
https://cdn.pixabay.com/photo/2022/04/05/15/08/nature-7113818__340.jpg,"Nature, Sea, Sunset, Water, Mood, Ocean",24,20
https://cdn.pixabay.com/photo/2022/04/08/15/42/nutrition-7119739__340.jpg,"Nutrition, Market, Corn, Organic, Fresh",11,5
https://cdn.pixabay.com/photo/2022/03/20/09/38/flower-7080355__340.jpg,"Flower, Humming-Bird, Bird, Orchid",49,37
https://cdn.pixabay.com/photo/2021/08/23/11/06/nature-6567542__340.jpg,"Nature, Outdoors, Travel, Exploration",78,11
https://cdn.pixabay.com/photo/2022/04/08/11/39/fire-fighters-7119324__340.jpg,"Fire Fighters, Fire Truck, Fire Fighting",19,11
https://cdn.pixabay.com/photo/2022/04/07/05/23/orange-flower-7116831__340.jpg,"Orange Flower, Garden, Flower, Nature",12,5
https://cdn.pixabay.com/photo/2022/04/01/05/52/dog-7104086__340.jpg,Die Badesaison ist er√∂ffnet üòä,39,33
https://cdn.pixabay.com/photo/2022/03/31/11/07/lion-7102789__340.jpg,"Lion, Animal, Roar, Teeth, Mammal, Cats",24,28
https://cdn.pixabay.com/photo/2021/11/06/12/27/drops-6773267__340.jpg,"Drops, Water Drops, Trypophobia",84,39
https://cdn.pixabay.com/photo/2021/11/18/22/17/butterfly-6807529__340.jpg,"Butterfly, Insect, Winged Insect",78,16
https://cdn.pixabay.com/photo/2021/07/14/12/01/poppies-6465890__340.jpg,"Poppies, Flowers, Buds, Field",141,35
https://cdn.pixabay.com/photo/2021/11/25/07/18/beach-6822823__340.jpg,"Beach, Ocean, Sea, Spain, Water, Nature",65,6
https://cdn.pixabay.com/photo/2021/12/17/17/00/butterfly-6876992__340.jpg,"Butterfly, Pollination, Nature, Flower",49,12
https://cdn.pixabay.com/photo/2022/04/08/17/05/bird-7119927__340.jpg,"Bird, Owl, Ornithology, Species, Fauna",10,4
https://cdn.pixabay.com/photo/2022/03/30/15/31/mountains-7101380__340.jpg,"Mountains, Hiking, Cave, Stone, Nature",53,41
https://cdn.pixabay.com/photo/2022/04/04/13/06/young-geese-7111224__480.jpg,"taken on March 29, 2022",21,11
https://cdn.pixabay.com/photo/2022/04/09/16/45/flowers-7121849__340.jpg,"Flowers, Bee, Pollen, Pollination",5,1
https://cdn.pixabay.com/photo/2021/09/28/14/21/clocks-6664622__340.jpg,"Clocks, Alarm Clocks, Time",91,20
https://cdn.pixabay.com/photo/2021/05/29/18/59/petra-6294051__340.jpg,"Petra, Ad Deir, World Heritage",305,158
https://cdn.pixabay.com/photo/2022/04/04/10/57/australian-wood-ducks-7110894__340.jpg,"Australian Wood Ducks, Ducks, Birds",38,29
https://cdn.pixabay.com/photo/2022/04/01/19/22/daffodils-7105507__340.jpg,"Daffodils, Easter Eggs, Easter, Flowers",45,32
https://cdn.pixabay.com/photo/2022/03/29/13/16/great-tit-7099470__340.jpg,"Great Tit, Bird, Perched, Tit, Animal",57,43
https://cdn.pixabay.com/photo/2022/04/08/14/27/bird-7119597__340.jpg,"Bird, Duckling, Ornithology, Species",10,6
https://cdn.pixabay.com/photo/2022/04/08/10/28/bird-7119229__340.jpg,"Bird, Pigeon, Ornithology, Species",8,4
https://cdn.pixabay.com/photo/2022/03/01/18/14/tulip-7041814__340.jpg,"Tulip, Flower, Purple Flower, Dew",89,109
https://cdn.pixabay.com/photo/2022/04/08/22/55/bird-7120475__340.jpg,"Bird, True Sparrow, Ornithology, Species",4,0
https://cdn.pixabay.com/photo/2016/03/04/19/36/beach-1236581__340.jpg,"Beach, Sea, Ocean, Tropical",2481,465
https://cdn.pixabay.com/photo/2020/02/16/20/29/nyc-4854718__340.jpg,"Nyc, New York City, America, Usa, City",248,58
https://cdn.pixabay.com/photo/2022/04/02/12/38/dandelion-7106936__340.jpg,"Dandelion, Yellow Flower, Wildflower",24,12
https://cdn.pixabay.com/photo/2022/04/06/14/27/chrysanthemums-7115662__340.jpg,"Chrysanthemums, Flowers, Yellow Flowers",11,10
https://cdn.pixabay.com/photo/2022/04/05/18/35/easter-7114212__340.jpg,"Easter, Easter Eggs, Easter Nest",22,16
https://cdn.pixabay.com/photo/2022/04/05/21/19/dog-7114449__340.jpg,"Dog, Eurasier, Canine, Breed, Pet",22,14
https://cdn.pixabay.com/photo/2022/04/12/00/29/animal-7126909__340.jpg,"Animal, Cat, Chartreux, Breed, Feline",2,0
https://cdn.pixabay.com/photo/2022/04/06/11/30/girl-7115394__340.jpg,"Girl, Smile, Camera, Photographer",3,2
https://cdn.pixabay.com/photo/2021/09/28/05/05/bird-6663217__340.jpg,"Bird, Beak, Down, Feathers, Ornithology",135,83
https://cdn.pixabay.com/photo/2022/04/08/23/47/flower-7120513__340.jpg,"Flower, Zinnia Elegan, Flora, Nature",6,4
https://cdn.pixabay.com/photo/2022/04/11/15/33/bird-7126057__340.jpg,"Bird, Goose, Egyptian Goose, Meadow",5,3
https://cdn.pixabay.com/photo/2021/09/17/15/17/fruit-6633086__340.jpg,"Fruit, Grapes, Organic, Healthy, Sweet",74,19
https://cdn.pixabay.com/photo/2022/04/12/08/32/diva-7127549__340.jpg,"Diva, Drag, Pride, Queen, Beauty",4,0
https://cdn.pixabay.com/photo/2022/04/11/15/48/ship-7126083__340.jpg,"Ship, Sail, Sea, Training Ship, Ocean",4,2
https://cdn.pixabay.com/photo/2022/04/09/22/19/buildings-7122332__340.jpg,"Buildings, City, Prague, Roofs, Towers",4,1
https://cdn.pixabay.com/photo/2022/04/09/15/26/spring-7121653__340.jpg,"Spring, Drove, Nature, Germinate, Growth",7,4
https://cdn.pixabay.com/photo/2022/04/03/17/48/blackthorn-7109568__340.jpg,"Blackthorn, Blossoms, Bud, Spring, Shrub",27,26
https://cdn.pixabay.com/photo/2021/12/19/10/26/star-6880592__340.jpg,"Star, Moon, Wise Men, Three Kings",122,86
https://cdn.pixabay.com/photo/2021/08/02/10/45/cityscape-6516367__340.jpg,"Cityscape, Travel, Tourism, Europe",58,3
https://cdn.pixabay.com/photo/2022/04/03/13/25/flowers-7108960__340.jpg,"Flowers, Crown Imperial, Bloom, Blossom",34,31
https://cdn.pixabay.com/photo/2022/03/27/15/37/cherry-blossoms-7095452__480.jpg,"Cherry Blossoms, Pink Flowers",48,38
https://cdn.pixabay.com/photo/2022/03/26/09/39/sheet-music-7092610__340.jpg,"Sheet Music, Music, Tulips, Flower, Song",25,18
https://cdn.pixabay.com/photo/2022/04/06/07/50/bird-7115038__340.jpg,"Bird, Ornithology, Species, Fauna, Avian",15,20
https://cdn.pixabay.com/photo/2022/03/26/02/12/ss-speke-shipwreck-7092132__340.jpg,"The SS Speke was a three masted steel ship built in Wales, 1891. In 1906 she was en route from Peru to Geelong, Australia, to collect a return cargo of wheat when she collided with the reef. This is the remains of her bow or &quot;nose&quot;.",70,72
https://cdn.pixabay.com/photo/2022/03/17/15/47/flower-7074914__340.jpg,"Flower, Rose, Rose Flower, Cereal",60,70
https://cdn.pixabay.com/photo/2022/04/03/14/27/throttle-7109099__340.jpg,"Throttle, Bird, Ornithology, Species",27,17
https://cdn.pixabay.com/photo/2022/04/06/15/33/chihuahua-7115748__340.jpg,"Chihuahua, Long-Haired Chihuahua, Dog",25,19
https://cdn.pixabay.com/photo/2022/03/23/16/55/sky-7087541__340.jpg,"Sky, Clouds, Cumulus, Airspace, Dusk",50,41
https://cdn.pixabay.com/photo/2017/02/16/19/47/bokeh-2072271__340.jpg,"Bokeh, Pink, Light, Lights, Colors",1133,243
https://cdn.pixabay.com/photo/2022/04/07/12/54/fruit-7117438__340.jpg,"Fruit, Lemons, Heart, Food, Kitchen",22,15
https://cdn.pixabay.com/photo/2022/03/29/11/53/lungwort-7099288__340.jpg,Aufgenommen am 11.3.2022,49,42
https://cdn.pixabay.com/photo/2022/01/22/16/26/lake-6957802__340.jpg,"Lake, Lighthouse, Pier, Outdoors",56,14
https://cdn.pixabay.com/photo/2021/07/16/18/28/czech-republic-6471576__340.jpg,"Czech Republic, City, Architecture",80,18
https://cdn.pixabay.com/photo/2013/11/28/10/36/road-220058__340.jpg,"Road, Pavement, Landscape, Roadway",2872,616
https://cdn.pixabay.com/photo/2022/04/01/07/41/goose-7104256__340.jpg,"Goose, Waterfowl, Countryside, Rural",42,33
https://cdn.pixabay.com/photo/2021/08/14/01/58/museum-6544420__340.jpg,"Museum, Pyramid, Facade, Illuminated",62,14
https://cdn.pixabay.com/photo/2022/04/12/05/25/flowers-7127213__480.jpg,"Flowers, Tulips, Spring, Flora, Garden",1,0
https://cdn.pixabay.com/photo/2022/04/10/19/34/flower-7124156__340.jpg,"Flower, Dust Trap, Stamen, Macro, Bloom",2,0
https://cdn.pixabay.com/photo/2021/11/13/18/02/lake-6791971__340.jpg,"Lake, Wetland, Mountains, Landscape",45,13
https://cdn.pixabay.com/photo/2018/01/24/18/05/background-3104413__340.jpg,"Background, Panorama, Sunset, Dawn, Dusk",1562,335
https://cdn.pixabay.com/photo/2021/11/08/20/15/elephant-6780085__340.jpg,"Elephant, Skin, Texture, Pachyderm",46,9
https://cdn.pixabay.com/photo/2022/04/09/20/52/dresden-7122254__340.jpg,"Dresden, Morning, Dawn, Landscape, Birds",6,2
https://cdn.pixabay.com/photo/2021/08/07/18/36/city-6529108__340.jpg,"City, Architecture, Buildings",78,21
https://cdn.pixabay.com/photo/2021/10/27/08/43/forest-6746433__340.jpg,"Forest, Foliage, Nature, Shrub, Flora",59,10
https://cdn.pixabay.com/photo/2022/04/11/02/50/gift-box-7124574__340.jpg,"Gift Box, Gift, Box, Ribbon, Package",2,0
https://cdn.pixabay.com/photo/2022/04/06/15/29/ranunculus-7115737__340.jpg,"Ranunculus, Flower, Blossom, Bloom",26,19
https://cdn.pixabay.com/photo/2022/04/09/18/22/cat-7122038__340.jpg,"Cat, Animal, Pet, Kitten, Domestic",2,0
https://cdn.pixabay.com/photo/2022/03/30/09/14/norway-maple-7100807__340.jpg,Aufgenommen am 25.3.2022,47,28
https://cdn.pixabay.com/photo/2022/04/10/17/55/birds-7123909__340.jpg,"Birds, Sea, Coast, Ships, Port, Travel",2,0
https://cdn.pixabay.com/photo/2022/04/10/18/16/man-7123964__340.jpg,"Man, Kayak, Rowing, Boat, Water, Lake",10,3
https://cdn.pixabay.com/photo/2022/04/10/09/55/bird-7123035__340.jpg,"Bird, Branch, Black, Woods, River",3,0
https://cdn.pixabay.com/photo/2021/08/29/15/43/torrent-6583626__340.jpg,"Torrent, River, Forest, Water",109,58
https://cdn.pixabay.com/photo/2021/02/02/15/23/rose-5974372__480.jpg,"Rose, Red, Smoke, Fog, Red Rose, Flower",370,51
https://cdn.pixabay.com/photo/2019/11/10/11/13/couple-4615557__340.jpg,"Couple, Wedding, Marriage, Bridal",480,101
https://cdn.pixabay.com/photo/2022/03/08/16/52/easter-eggs-7056166__340.jpg,"Easter Eggs, Design, Decoration",62,77
https://cdn.pixabay.com/photo/2022/04/02/02/16/fox-7106138__340.jpg,"Fox, Planet, Fantasy, Animal, Nature",10,4
https://cdn.pixabay.com/photo/2022/03/31/12/07/bulb-7102867__340.jpg,"Bulb, Butterfly, Light, Fire",15,16
https://cdn.pixabay.com/photo/2021/10/11/12/49/boats-6700576__340.jpg,"Boats, Lake, Travel, Outdoors, Dusk",52,14
https://cdn.pixabay.com/photo/2022/03/30/06/38/bird-7100599__340.jpg,"El bienteveo com√∫n‚Äã o pitohu√©, tambi√©n es conocido como bichofeo y pitog√º√© dependiendo de los paises. Su nombre cient√≠fico es Pitangus sulphuratus. Es una especie de ave paseriforme perteneciente a la familia Tyrannidae. Se distribuye ampliamente en la Rep√∫blica Argentina.",30,26
https://cdn.pixabay.com/photo/2022/04/06/15/06/flower-7115709__340.jpg,"Flower, Hardy Fuchsia, Spring, Plant",16,28
https://cdn.pixabay.com/photo/2022/04/11/04/54/frog-7124747__340.jpg,Frog is kicking the ladybug. Support me pls &lt;3,3,0
https://cdn.pixabay.com/photo/2021/07/16/15/29/hellebore-6471156__340.jpg,"Hellebore, Flowers, Plant, Petals, Bloom",93,17
https://cdn.pixabay.com/photo/2022/03/20/08/42/forsythia-7080263__340.jpg,"Forsythia, Forsythia Bush, Shrub",68,62
https://cdn.pixabay.com/photo/2021/12/06/16/38/cedar-6850925__340.jpg,"Cedar, Branch, Winter, Evergreen, Tree",60,25
https://cdn.pixabay.com/photo/2022/04/11/01/54/squirrel-7124532__340.jpg,"Squirrel, Chipmunk, Rodent, Mammal",3,0
https://cdn.pixabay.com/photo/2022/04/09/21/47/animal-7122320__340.jpg,"Animal, Cat, Feline, Pet, Mammal, Fur",3,0
https://cdn.pixabay.com/photo/2021/11/03/09/25/squirrel-6765124__340.jpg,"Squirrel, Animal, Wildlife, Nature",75,14
https://cdn.pixabay.com/photo/2020/12/17/00/43/skyscrapers-5838029__340.jpg,"Skyscrapers, Buildings, Harbor, Skyline",304,57
https://cdn.pixabay.com/photo/2017/12/11/15/34/lion-3012515__480.jpg,"Lion, Roar, Africa, Animal, Wildcat",1932,356
https://cdn.pixabay.com/photo/2022/03/30/17/51/cormorant-7101604__340.jpg,"Cormorant, Bird, Flying, Nature, Animal",34,25
https://cdn.pixabay.com/photo/2021/05/25/09/51/road-6281973__340.jpg,"Road, City, Motorcycle, Morning",68,0
https://cdn.pixabay.com/photo/2022/04/07/15/23/gosling-7117722__340.jpg,"Gosling, Bird, Waterfowl, Chick",10,8
https://cdn.pixabay.com/photo/2021/07/21/21/15/lavenders-6484003__340.jpg,Lavender Wonder,162,51
https://cdn.pixabay.com/photo/2017/10/13/14/15/fantasy-2847724__340.jpg,"Fantasy, Spirit, Nightmare, Dream",1575,255
https://cdn.pixabay.com/photo/2018/03/03/20/02/laptop-3196481__340.jpg,"Laptop, Office, Hand, Writing, Business",746,189
https://cdn.pixabay.com/photo/2021/05/09/06/07/dog-6240043__340.jpg,"Dog, Puppy, Pet, Animal, Lonely",129,29
https://cdn.pixabay.com/photo/2021/11/09/16/56/cat-6781934__340.jpg,"Cat, Pet, Feline, Animal, Fur, Kitty",58,14
https://cdn.pixabay.com/photo/2022/04/09/15/26/flower-7121655__340.jpg,"Flower, Bud, Plant, Growth, Nature",7,3
https://cdn.pixabay.com/photo/2022/03/06/19/19/hyacinth-7052370__340.jpg,"Hyacinth, Flower, Plant",88,75
https://cdn.pixabay.com/photo/2021/08/06/23/26/lotus-6527384__340.jpg,"Lotus, Flower, Lotus Flower",100,38
https://cdn.pixabay.com/photo/2022/04/01/08/37/tulip-7104352__340.jpg,Hier im Foto die Crispa Tulpe Lambada und der zweifleckige Zipfelk√§fer auf Entdeckungstour!,33,32
https://cdn.pixabay.com/photo/2022/04/06/08/21/bird-7115089__340.jpg,"Bird, Bill, Ornithology, Species, Fauna",13,8
https://cdn.pixabay.com/photo/2022/04/04/07/03/guitar-7110499__340.jpg,"Guitar, Instrument, Music, Musician",28,18
https://cdn.pixabay.com/photo/2022/04/11/11/55/cherry-blossoms-7125566__480.jpg,"Cherry Blossoms, Sakura, Pink Flowers",3,0
https://cdn.pixabay.com/photo/2022/04/11/11/57/cherry-blossoms-7125570__340.jpg,"Cherry Blossoms, Sakura, Pink Flowers",2,0
https://cdn.pixabay.com/photo/2022/04/12/22/03/bird-7129041__340.jpg,"Bird, Blackbird, Ornithology, Species",1,0
https://cdn.pixabay.com/photo/2022/04/12/19/34/flower-7128725__340.jpg,"Flower, Crocus, Spring, Nature, Botany",0,0
https://cdn.pixabay.com/photo/2022/04/06/17/07/flowers-7115956__340.jpg,"Flowers, Blossom, Branch, Spring",19,12
https://cdn.pixabay.com/photo/2022/04/11/12/54/bird-7125671__340.jpg,"Bird, Dunnock, Blossom, Spring, Nature",3,0
https://cdn.pixabay.com/photo/2022/04/09/22/23/glass-7122338__340.jpg,"Glass, Water Drop Art, Glass Art, Water",3,1
https://cdn.pixabay.com/photo/2022/04/10/22/02/flowers-7124374__340.jpg,"Flowers, Arboretum, Blooms, Outdoors",2,1
https://cdn.pixabay.com/photo/2022/04/11/16/55/crocus-7126222__340.jpg,"Crocus, Flower, Purple Flower",2,0
https://cdn.pixabay.com/photo/2022/04/05/15/05/soap-bubble-7113815__340.jpg,"Soap Bubble, Close Up, Macro, Bubble",20,14
https://cdn.pixabay.com/photo/2022/04/12/21/15/succulent-7128943__340.jpg,"Succulent, Botany, Growth, Plant, Macro",1,0
https://cdn.pixabay.com/photo/2022/04/09/15/13/tomatoes-7121627__340.jpg,"Tomatoes, Fruit, Food, Vegetable, Basket",1,0
https://cdn.pixabay.com/photo/2022/03/26/08/25/plum-blossom-7092491__340.jpg,"Plum Blossom, Blossom, Bloom, Plum Tree",51,36
https://cdn.pixabay.com/photo/2022/04/11/14/29/flowers-7125904__340.jpg,"Flowers, Tulips, Garden, Nature, Spring",3,0
https://cdn.pixabay.com/photo/2022/04/03/06/16/purple-flowers-7108115__340.jpg,"Purple Flowers, Flowers, Snow, Frost",20,13
https://cdn.pixabay.com/photo/2020/12/03/12/35/sunset-5800386__340.jpg,"Sunset, Mountains, Lake, Silhouette",265,47
https://cdn.pixabay.com/photo/2022/01/19/08/32/melons-6949139__480.jpg,"Melons, Yellow Melons, Fruits",27,8
https://cdn.pixabay.com/photo/2020/10/01/11/07/hands-5618240__340.jpg,"Hands, Soil, Plant, Environment, Growth",140,42
https://cdn.pixabay.com/photo/2017/09/25/13/12/cocker-spaniel-2785074__340.jpg,white and brown cockerspaniel,1401,197
https://cdn.pixabay.com/photo/2021/09/15/15/55/winter-6627210__340.jpg,"Winter, Season, Glacier, Iceberg",97,16
https://cdn.pixabay.com/photo/2022/04/03/16/14/daffodil-7109335__340.jpg,"Daffodil, Yellow Flower, Easter Bell",13,7
https://cdn.pixabay.com/photo/2021/10/03/03/48/living-room-6676757__340.jpg,"Living Room, Interior Design, Indoors",25,12
https://cdn.pixabay.com/photo/2022/04/09/10/11/bird-7121188__340.jpg,"Bird, Pelican, Ornithology, Beak, Avian",1,2
https://cdn.pixabay.com/photo/2021/09/28/18/35/anemone-6665274__340.jpg,"Anemone, Flower, White Flower, Petals",123,110
https://cdn.pixabay.com/photo/2022/04/09/16/26/bird-7121802__340.jpg,"Bird, Chestnut-Sided Warbler",1,0
https://cdn.pixabay.com/photo/2022/04/05/20/57/walkway-7114426__340.jpg,Add a description (optional),20,16
https://cdn.pixabay.com/photo/2022/04/09/18/22/rocky-coast-7122035__340.jpg,"Rocky Coast, Sea, Waterfall, Coast",1,0
https://cdn.pixabay.com/photo/2017/06/17/18/35/background-2413081__340.jpg,"Background, Beach, Beautiful, Beauty",766,141
https://cdn.pixabay.com/photo/2022/02/27/16/29/flag-7037591__340.jpg,"Flag, Landmark, Ukraine, Kiev, Europe",23,11
https://cdn.pixabay.com/photo/2021/09/24/10/00/chick-6652163__340.jpg,"Chick, Chicken, Hand, Bird, Baby Chicken",104,32
https://cdn.pixabay.com/photo/2022/04/11/08/08/river-7125068__340.jpg,"River, Trees, Forest, Mountains, Water",3,1
https://cdn.pixabay.com/photo/2021/11/04/14/54/burning-candles-6768469__340.jpg,"Burning Candles, Candlestick, Night",55,31
https://cdn.pixabay.com/photo/2021/09/09/21/04/fairy-lights-6611595__480.jpg,"Fairy Lights, Book, Cozy, Fairy Lights",68,13
https://cdn.pixabay.com/photo/2022/04/04/07/33/architecture-7110562__340.jpg,"Architecture, Balcony, Statue, Facade",22,14
https://cdn.pixabay.com/photo/2019/10/06/10/03/team-4529717__340.jpg,"Team, Friendship, Group, Hands",377,86
https://cdn.pixabay.com/photo/2021/11/02/10/46/lemur-6762935__340.jpg,"Lemur, Animal, Wilderness, Nature",83,11
https://cdn.pixabay.com/photo/2022/01/09/10/28/ferris-wheel-6925693__340.jpg,"Ferris Wheel, Amusement Park Ride",37,6
https://cdn.pixabay.com/photo/2022/04/06/08/22/bird-7115092__340.jpg,"Bird, Bill, Ornithology, Species, Fauna",9,8
https://cdn.pixabay.com/photo/2022/04/08/10/47/selva-di-cadore-7119264__340.jpg,"Selva Di Cadore, Village, Dolomites",3,2
https://cdn.pixabay.com/photo/2022/03/28/20/17/sunset-7098273__340.jpg,"Sunset, Nature, Landscape, Sun, Trees",38,34
https://cdn.pixabay.com/photo/2022/03/26/05/18/port-7092233__340.jpg,"Port, Thessaloniki, Greece, Cargo, Ship",52,46
https://cdn.pixabay.com/photo/2021/12/28/15/19/fire-6899543__340.jpg,"Fire, Flame, Match, Burn, Smoke, Fire",42,8
https://cdn.pixabay.com/photo/2022/04/04/01/21/hibiscus-7110145__340.jpg,"Hibiscus, Flower, Dewdrops, Raindrops",13,3
https://cdn.pixabay.com/photo/2022/03/31/14/17/animal-7103116__340.jpg,"Animal, Squirrel, Eating, Species, Fauna",26,19
https://cdn.pixabay.com/photo/2022/03/30/19/06/leaves-7101716__340.jpg,"Leaves, Red Leaves, Pink, Flora",22,30
https://cdn.pixabay.com/photo/2022/04/12/15/57/pxclimateaction-7128270__340.jpg,"Pxclimateaction, Grain Field, Hand",8,6
https://cdn.pixabay.com/photo/2022/04/09/10/25/bird-7121213__340.jpg,"Bird, Zebra Dove, Ornithology, Species",1,0
https://cdn.pixabay.com/photo/2022/04/08/05/54/cat-7118740__480.jpg,"Cat, Kitten, Fur, Feline, Whiskers, Pet",7,7
https://cdn.pixabay.com/photo/2022/04/04/17/58/blossom-7111984__340.jpg,"Blossom, Bloom, Snow Crystals",19,14
https://cdn.pixabay.com/photo/2022/04/06/14/23/frangi-pani-7115653__340.jpg,"Frangi Pani, Plumerias, Flowers",7,10
https://cdn.pixabay.com/photo/2022/03/19/11/23/pforphoto-7078346__340.jpg,Eingeparkt,49,38
https://cdn.pixabay.com/photo/2022/03/29/17/26/chicken-7099837__340.jpg,"Chicken, Poultry, Farm Yard, Meadow",37,32
https://cdn.pixabay.com/photo/2019/03/12/12/47/people-4050698__340.jpg,"People, Friends, Together, Happy, Kid",461,135
https://cdn.pixabay.com/photo/2022/04/07/18/54/men-7118163__340.jpg,"Men, Beach, Sunset, Summer, Vacation",9,6
https://cdn.pixabay.com/photo/2021/01/27/07/19/baby-5953965__340.jpg,"Baby, Read, Play, Reading, Playing, Toys",218,39
https://cdn.pixabay.com/photo/2022/03/27/12/44/chongqing-7094942__340.jpg,"Chongqing, China, City, Hongyadong",4,0
https://cdn.pixabay.com/photo/2022/01/19/05/28/flowers-6948806__340.jpg,"Flowers, Wildflowers, Meadow, Nature",48,18
https://cdn.pixabay.com/photo/2021/08/21/07/55/croissant-6562091__340.jpg,"Croissant, Bread, Pastry, Breakfast",63,18
https://cdn.pixabay.com/photo/2021/12/19/15/18/christmas-stars-6881348__340.jpg,"Christmas Stars, Cookies, Dough, Flour",72,59
https://cdn.pixabay.com/photo/2022/02/21/21/18/animal-7027636__340.jpg,"Animal, Baby Mouse, Rodent, Mouse, Daisy",47,18
https://cdn.pixabay.com/photo/2021/10/05/16/53/kimono-6683245__340.jpg,"Kimono, Costume, Shrine, Prayer, Worship",62,9
https://cdn.pixabay.com/photo/2022/01/10/15/30/castle-6928593__340.jpg,"Castle, Fantasy, Night, Star, Historical",111,87
https://cdn.pixabay.com/photo/2022/03/31/09/50/abstract-7102657__480.jpg,"Abstract, Arch, Background, Blue, Bright",7,0
https://cdn.pixabay.com/photo/2021/10/25/08/55/nature-6740243__340.jpg,"Nature, Travel, Exploration, Adventure",58,7
https://cdn.pixabay.com/photo/2022/04/09/15/13/pie-7121630__340.jpg,"Pie, Pastry, Food, Gourmet, Baked Goods",2,0
https://cdn.pixabay.com/photo/2022/04/10/00/09/flower-7122467__340.jpg,"Flower, Plant, Shrub, Garden Flower",3,1
https://cdn.pixabay.com/photo/2022/04/09/18/33/lily-7122062__340.jpg,"Lily, Flower, Plant, Lilac",2,0
https://cdn.pixabay.com/photo/2022/04/05/16/10/flowers-7113979__340.jpg,"Flowers, Bouquet, Bloom, Blossom, Botany",17,6
https://cdn.pixabay.com/photo/2022/04/02/08/24/helmetlings-7106530__340.jpg,"Helmetlings, Mushrooms, Forest, Nature",19,12
https://cdn.pixabay.com/photo/2022/04/11/20/56/bird-7126616__340.jpg,"Bird, Goose, Grey Goose, Plumage, Beak",2,0
https://cdn.pixabay.com/photo/2022/04/09/14/39/nature-7121561__340.jpg,"Nature, Landscape, Tree, Meadow, Field",2,0
https://cdn.pixabay.com/photo/2022/04/12/10/37/bird-7127709__340.jpg,"Bird, Robin, Ornithology, Species, Fauna",0,0
https://cdn.pixabay.com/photo/2022/04/11/08/43/forest-7125257__340.jpg,"Forest, Snow, Woods, Trees, Nature",1,0
https://cdn.pixabay.com/photo/2022/02/04/13/44/chicken-6992752__340.jpg,"Chicken, Cock, Bird, Rooster, Poultry",84,73
https://cdn.pixabay.com/photo/2021/08/04/10/21/lake-6521474__340.jpg,"Lake, Pathway, Field, Meadow, Tourists",68,10
https://cdn.pixabay.com/photo/2022/04/09/21/02/church-7122275__340.jpg,"Church, Mountains, Landscape, Path",3,0
https://cdn.pixabay.com/photo/2020/05/06/06/18/blue-5136251__340.jpg,"Blue, Sky, Fresh, Clean, Air, Cloud",218,46
https://cdn.pixabay.com/photo/2021/11/17/16/55/office-6804135__340.jpg,"Office, Home Office, Interior Design",13,0
https://cdn.pixabay.com/photo/2022/04/02/14/49/grill-7107159__480.jpg,"Grill, Bratwurst, Sausage, Barbeque",24,11
https://cdn.pixabay.com/photo/2022/04/07/15/47/gosling-7117760__340.jpg,"Gosling, Bird, Waterfowl, Chick",7,4
https://cdn.pixabay.com/photo/2022/04/06/18/45/flower-7116120__340.jpg,"Flower, Crocus, Insect, Spring, Violet",9,5
https://cdn.pixabay.com/photo/2017/11/15/13/27/river-2951997__340.jpg,"River, Bach, Long Exposure, Atmospheric",837,145
https://cdn.pixabay.com/photo/2022/01/02/08/47/animal-6909689__340.jpg,"Animal, Mammal, Wild Boar, Pig, Species",59,14
https://cdn.pixabay.com/photo/2022/03/29/18/21/star-magnolia-7099920__340.jpg,"Star Magnolia, Magnolia, Magnolia Flower",34,34
https://cdn.pixabay.com/photo/2022/03/30/06/54/daffodil-7100617__340.jpg,"Daffodil, Flower, Plant, Yellow Flower",26,8
https://cdn.pixabay.com/photo/2017/11/07/00/07/fantasy-2925250__340.jpg,"Fantasy, Walker, Sculpture, Monument",2733,371
https://cdn.pixabay.com/photo/2018/11/09/08/08/forest-3804001__340.jpg,"Forest, Woods, Autumn, Nature, Landscape",809,126
https://cdn.pixabay.com/photo/2021/10/26/19/44/field-6745014__340.jpg,"Field, Tree, Tractor Tracks, Meadow",59,12
https://cdn.pixabay.com/photo/2014/09/14/18/04/dandelion-445228__340.jpg,shallow focus photo of flowers,3087,699
https://cdn.pixabay.com/photo/2021/06/29/18/55/mountain-slope-6374980__340.jpg,"Mountain Slope, Hill, Landscape",160,34
https://cdn.pixabay.com/photo/2022/03/29/10/53/flowers-7099239__340.jpg,"Flowers, Hyacinths, Bloom, Blossom",41,61
https://cdn.pixabay.com/photo/2019/10/19/16/30/poverty-4561704__480.jpg,grayscale photography of human holding coins,480,113
https://cdn.pixabay.com/photo/2021/08/16/14/57/fountain-6550493__340.jpg,"Fountain, Splash, Flow, Water, Wet",62,16
https://cdn.pixabay.com/photo/2022/03/24/19/57/bird-7089785__340.jpg,"Bird, Canada Goose, Ornithology, Species",45,41
https://cdn.pixabay.com/photo/2022/03/27/11/22/great-tit-7094803__340.jpg,Add a description (optional),41,34
https://cdn.pixabay.com/photo/2016/11/06/05/36/lake-1802337__340.jpg,"Lake, Sunset, Rocks, Bank, Conifers",1706,218
https://cdn.pixabay.com/photo/2022/04/07/07/28/marguerite-7116998__340.jpg,"Marguerite, Flower, Yellow Flower",6,2
https://cdn.pixabay.com/photo/2021/10/18/18/07/tree-6721755__340.jpg,Colorful Light Shines Through The Fog,53,19
https://cdn.pixabay.com/photo/2022/03/29/03/40/food-7098703__340.jpg,"Food, Pizza, Italian Cuisine, Cook",7,0
https://cdn.pixabay.com/photo/2021/11/20/10/40/nature-6811404__340.jpg,"Nature, Icicles, Snow, Winter, Season",55,0
https://cdn.pixabay.com/photo/2022/04/09/01/11/common-heron-7120567__340.jpg,"Common Heron, Birds, Animal, Food, Hunt",2,2
https://cdn.pixabay.com/photo/2021/12/13/21/43/drummer-6869168__340.jpg,"Drummer, Drums, Concert, Performance",27,8
https://cdn.pixabay.com/photo/2022/03/30/20/16/hazelnut-7101787__340.jpg,"Hazelnut, Hazel, Hazel Tree, Buds",35,29
https://cdn.pixabay.com/photo/2021/10/11/08/47/new-year-6699806__340.jpg,"New Year, New Beginnings, 2022",28,8
https://cdn.pixabay.com/photo/2022/04/07/14/57/horse-7117688__340.jpg,"Horse, Brown Horse, Farm Animal, Equine",4,3
https://cdn.pixabay.com/photo/2022/04/07/17/52/flower-7118075__480.jpg,"Flower, Red Flower, Nature, Spring",8,5
https://cdn.pixabay.com/photo/2022/04/03/16/47/roses-7109418__340.jpg,"Roses, Bouquet, Flowers, Two-Tone Roses",10,4
https://cdn.pixabay.com/photo/2022/04/06/17/15/flowers-7115966__340.jpg,"Flowers, Magnolia, Bloom, Blossom",3,0
https://cdn.pixabay.com/photo/2022/04/08/00/25/plane-7118491__340.jpg,"Plane, Aviation, Show, Aircraft, Engine",3,0
